state,election,pct
Saxony-Anhalt,previous state election (2021/23),20.8
Saxony-Anhalt,federal election Feb 2025 (state result),37.1
Saxony-Anhalt,state election 2026,43.8
Mecklenburg-Vorpommern,previous state election (2021/23),16.7
Mecklenburg-Vorpommern,federal election Feb 2025 (state result),35
Mecklenburg-Vorpommern,state election 2026,38.2
Berlin,previous state election (2021/23),9.1
Berlin,federal election Feb 2025 (state result),15.2
Berlin,state election 2026,16.3
Rhineland-Palatinate,previous state election (2021/23),8.3
Rhineland-Palatinate,federal election Feb 2025 (state result),20.1
Rhineland-Palatinate,state election 2026,19.5
Baden-Württemberg,previous state election (2021/23),9.7
Baden-Württemberg,federal election Feb 2025 (state result),19.8
Baden-Württemberg,state election 2026,18.8
