land,name_en,elec_no,year,date,region,east,centre
bb,Brandenburg,1,1990,1990-10-14,East (incl. Berlin from 1990),1,67.6
bb,Brandenburg,2,1994,1994-09-11,East (incl. Berlin from 1990),1,72.8
bb,Brandenburg,3,1999,1999-09-05,East (incl. Berlin from 1990),1,65.9
bb,Brandenburg,4,2004,2004-09-19,East (incl. Berlin from 1990),1,51.3
bb,Brandenburg,5,2009,2009-09-27,East (incl. Berlin from 1990),1,52.8
bb,Brandenburg,6,2014,2014-09-14,East (incl. Berlin from 1990),1,54.9
bb,Brandenburg,7,2019,2019-09-01,East (incl. Berlin from 1990),1,41.8
bb,Brandenburg,8,2024,2024-09-22,East (incl. Berlin from 1990),1,43
be,Berlin,1,1950,1950-12-03,West,0,69.4
be,Berlin,2,1954,1954-12-05,West,0,75
be,Berlin,3,1958,1958-12-07,West,0,90.30000000000001
be,Berlin,4,1963,1963-02-17,West,0,90.7
be,Berlin,5,1967,1967-03-12,West,0,89.8
be,Berlin,6,1971,1971-03-14,West,0,88.6
be,Berlin,7,1975,1975-03-02,West,0,86.5
be,Berlin,8,1979,1979-03-18,West,0,87.1
be,Berlin,9,1981,1981-05-10,West,0,86.4
be,Berlin,10,1985,1985-03-10,West,0,78.8
be,Berlin,11,1989,1989-01-29,West,0,75
be,Berlin,12,1990,1990-12-02,East (incl. Berlin from 1990),0,70.8
be,Berlin,13,1995,1995-10-22,East (incl. Berlin from 1990),0,61
be,Berlin,14,1999,1999-10-10,East (incl. Berlin from 1990),0,63.199999999999996
be,Berlin,15,2001,2001-10-21,East (incl. Berlin from 1990),0,53.5
be,Berlin,16,2006,2006-09-17,East (incl. Berlin from 1990),0,52.1
be,Berlin,17,2011,2011-09-18,East (incl. Berlin from 1990),0,51.7
be,Berlin,18,2016,2016-09-18,East (incl. Berlin from 1990),0,39.2
be,Berlin,19,2021,2021-09-26,East (incl. Berlin from 1990),0,39.4
be,Berlin,20,2023,2023-02-12,East (incl. Berlin from 1990),0,46.599999999999994
be,Berlin,21,2026,2026-09-20,East (incl. Berlin from 1990),0,30.9
bw,Baden-Württemberg,1,1952,1952-03-09,West,0,64
bw,Baden-Württemberg,2,1956,1956-03-04,West,0,71.5
bw,Baden-Württemberg,3,1960,1960-05-15,West,0,74.8
bw,Baden-Württemberg,4,1964,1964-04-26,West,0,83.5
bw,Baden-Württemberg,5,1968,1968-04-28,West,0,73.2
bw,Baden-Württemberg,6,1972,1972-04-23,West,0,90.5
bw,Baden-Württemberg,7,1976,1976-04-04,West,0,90
bw,Baden-Württemberg,8,1980,1980-03-16,West,0,85.9
bw,Baden-Württemberg,9,1984,1984-03-25,West,0,84.3
bw,Baden-Württemberg,10,1988,1988-03-20,West,0,81
bw,Baden-Württemberg,11,1992,1992-04-05,West,0,69
bw,Baden-Württemberg,12,1996,1996-03-24,West,0,66.4
bw,Baden-Württemberg,13,2001,2001-03-25,West,0,78.1
bw,Baden-Württemberg,14,2006,2006-03-26,West,0,69.4
bw,Baden-Württemberg,15,2011,2011-03-27,West,0,62.1
bw,Baden-Württemberg,16,2016,2016-03-13,West,0,39.7
bw,Baden-Württemberg,17,2021,2021-03-14,West,0,35.1
bw,Baden-Württemberg,18,2026,2026-03-08,West,0,35.2
by,Bavaria,1,1946,1946-12-01,West,0,80.9
by,Bavaria,2,1950,1950-11-26,West,0,55.4
by,Bavaria,3,1954,1954-11-28,West,0,66.1
by,Bavaria,4,1958,1958-11-23,West,0,76.4
by,Bavaria,5,1962,1962-11-25,West,0,82.8
by,Bavaria,6,1966,1966-11-20,West,0,83.9
by,Bavaria,7,1970,1970-11-20,West,0,89.69999999999999
by,Bavaria,8,1974,1974-10-27,West,0,92.3
by,Bavaria,9,1978,1978-10-15,West,0,90.5
by,Bavaria,10,1982,1982-10-10,West,0,90.19999999999999
by,Bavaria,11,1986,1986-10-12,West,0,83.3
by,Bavaria,12,1990,1990-10-14,West,0,80.9
by,Bavaria,13,1994,1994-09-25,West,0,82.8
by,Bavaria,14,1998,1998-09-13,West,0,81.6
by,Bavaria,15,2003,2003-09-21,West,0,80.30000000000001
by,Bavaria,16,2008,2008-09-28,West,0,62
by,Bavaria,17,2013,2013-09-15,West,0,68.30000000000001
by,Bavaria,18,2018,2018-10-14,West,0,46.900000000000006
by,Bavaria,19,2023,2023-10-08,West,0,45.4
hb,Bremen,1,1946,1946-10-13,West,0,66.5
hb,Bremen,2,1947,1947-10-12,West,0,63.7
hb,Bremen,3,1951,1951-10-07,West,0,48.2
hb,Bremen,4,1955,1955-10-09,West,0,65.8
hb,Bremen,5,1959,1959-10-11,West,0,69.7
hb,Bremen,6,1963,1963-09-29,West,0,83.6
hb,Bremen,7,1967,1967-10-01,West,0,75.5
hb,Bremen,8,1971,1971-10-10,West,0,86.9
hb,Bremen,9,1975,1975-09-28,West,0,82.6
hb,Bremen,10,1979,1979-10-07,West,0,81.3
hb,Bremen,11,1983,1983-09-25,West,0,84.6
hb,Bremen,12,1987,1987-09-13,West,0,73.9
hb,Bremen,13,1991,1991-09-29,West,0,69.5
hb,Bremen,14,1995,1995-05-14,West,0,66
hb,Bremen,15,1999,1999-06-06,West,0,79.7
hb,Bremen,16,2003,2003-05-25,West,0,72.1
hb,Bremen,17,2007,2007-05-13,West,0,62.300000000000004
hb,Bremen,18,2011,2011-05-22,West,0,59
hb,Bremen,19,2015,2015-05-10,West,0,55.199999999999996
hb,Bremen,20,2019,2019-05-26,West,0,51.599999999999994
hb,Bremen,21,2023,2023-05-14,West,0,56
he,Hesse,1,1946,1946-12-01,West,0,73.6
he,Hesse,2,1950,1950-11-19,West,0,63.2
he,Hesse,3,1954,1954-11-28,West,0,66.7
he,Hesse,4,1958,1958-11-23,West,0,78.9
he,Hesse,5,1962,1962-11-11,West,0,79.6
he,Hesse,6,1966,1966-11-06,West,0,77.4
he,Hesse,7,1970,1970-11-08,West,0,85.6
he,Hesse,8,1974,1974-10-27,West,0,90.5
he,Hesse,9,1978,1978-10-08,West,0,90.3
he,Hesse,10,1982,1982-09-26,West,0,88.4
he,Hesse,11,1983,1983-09-25,West,0,85.6
he,Hesse,12,1987,1987-04-05,West,0,82.30000000000001
he,Hesse,13,1991,1991-01-20,West,0,81
he,Hesse,14,1995,1995-02-19,West,0,77.2
he,Hesse,15,1999,1999-02-07,West,0,82.8
he,Hesse,16,2003,2003-02-02,West,0,77.9
he,Hesse,17,2008,2008-01-27,West,0,73.5
he,Hesse,18,2009,2009-01-18,West,0,60.900000000000006
he,Hesse,19,2013,2013-09-22,West,0,69
he,Hesse,20,2018,2018-10-28,West,0,46.8
he,Hesse,21,2023,2023-10-08,West,0,49.7
hh,Hamburg,1,1946,1946-10-13,West,0,69.8
hh,Hamburg,2,1949,1949-10-16,West,0,77.3
hh,Hamburg,3,1953,1953-11-01,West,0,95.2
hh,Hamburg,4,1957,1957-11-10,West,0,86.1
hh,Hamburg,5,1961,1961-11-12,West,0,86.5
hh,Hamburg,6,1966,1966-03-27,West,0,89
hh,Hamburg,7,1970,1970-03-22,West,0,88.1
hh,Hamburg,8,1974,1974-03-03,West,0,85.6
hh,Hamburg,9,1978,1978-06-04,West,0,89.1
hh,Hamburg,10,1982,1982-06-06,West,0,85.9
hh,Hamburg,11,1982,1982-12-19,West,0,89.9
hh,Hamburg,12,1986,1986-11-09,West,0,83.6
hh,Hamburg,13,1987,1987-05-17,West,0,85.5
hh,Hamburg,14,1991,1991-06-02,West,0,83.1
hh,Hamburg,15,1993,1993-09-19,West,0,65.5
hh,Hamburg,16,1997,1997-09-21,West,0,66.9
hh,Hamburg,17,2001,2001-09-23,West,0,62.7
hh,Hamburg,18,2004,2004-02-29,West,0,77.7
hh,Hamburg,19,2008,2008-02-24,West,0,76.7
hh,Hamburg,20,2011,2011-02-20,West,0,70.3
hh,Hamburg,21,2015,2015-02-15,West,0,61.5
hh,Hamburg,22,2020,2020-02-23,West,0,50.400000000000006
hh,Hamburg,23,2025,2025-03-02,West,0,53.3
mv,Mecklenburg-Vorpommern,1,1990,1990-10-14,East (incl. Berlin from 1990),1,65.3
mv,Mecklenburg-Vorpommern,2,1994,1994-10-16,East (incl. Berlin from 1990),1,67.2
mv,Mecklenburg-Vorpommern,3,1998,1998-09-27,East (incl. Berlin from 1990),1,64.5
mv,Mecklenburg-Vorpommern,4,2002,2002-09-22,East (incl. Berlin from 1990),1,72
mv,Mecklenburg-Vorpommern,5,2006,2006-09-17,East (incl. Berlin from 1990),1,59
mv,Mecklenburg-Vorpommern,6,2011,2011-09-04,East (incl. Berlin from 1990),1,58.6
mv,Mecklenburg-Vorpommern,7,2016,2016-09-04,East (incl. Berlin from 1990),1,49.6
mv,Mecklenburg-Vorpommern,8,2021,2021-09-26,East (incl. Berlin from 1990),1,52.900000000000006
mv,Mecklenburg-Vorpommern,9,2026,2026-09-20,East (incl. Berlin from 1990),1,40.4
ni,Lower Saxony,1,1947,1947-02-20,West,0,63.3
ni,Lower Saxony,2,1951,1951-05-06,West,0,57.400000000000006
ni,Lower Saxony,3,1955,1955-04-24,West,0,61.800000000000004
ni,Lower Saxony,4,1959,1959-04-19,West,0,70.3
ni,Lower Saxony,5,1963,1963-05-19,West,0,82.6
ni,Lower Saxony,6,1967,1967-06-04,West,0,84.80000000000001
ni,Lower Saxony,7,1970,1970-06-14,West,0,92
ni,Lower Saxony,8,1974,1974-06-09,West,0,91.9
ni,Lower Saxony,9,1978,1978-06-04,West,0,90.9
ni,Lower Saxony,10,1982,1982-03-21,West,0,87.2
ni,Lower Saxony,11,1986,1986-06-15,West,0,86.4
ni,Lower Saxony,12,1990,1990-05-13,West,0,86.2
ni,Lower Saxony,13,1994,1994-03-13,West,0,80.69999999999999
ni,Lower Saxony,14,1998,1998-03-01,West,0,83.8
ni,Lower Saxony,15,2003,2003-02-02,West,0,81.69999999999999
ni,Lower Saxony,16,2008,2008-01-27,West,0,72.8
ni,Lower Saxony,17,2013,2013-01-20,West,0,68.6
ni,Lower Saxony,18,2017,2017-10-15,West,0,70.5
ni,Lower Saxony,19,2022,2022-10-09,West,0,61.5
nw,North Rhine-Westphalia,1,1947,1947-04-20,West,0,69.6
nw,North Rhine-Westphalia,2,1950,1950-06-18,West,0,69.19999999999999
nw,North Rhine-Westphalia,3,1954,1954-06-27,West,0,75.8
nw,North Rhine-Westphalia,4,1958,1958-07-06,West,0,89.7
nw,North Rhine-Westphalia,5,1962,1962-07-08,West,0,89.69999999999999
nw,North Rhine-Westphalia,6,1966,1966-07-10,West,0,92.3
nw,North Rhine-Westphalia,7,1970,1970-06-14,West,0,92.4
nw,North Rhine-Westphalia,8,1975,1975-05-04,West,0,92.2
nw,North Rhine-Westphalia,9,1980,1980-05-11,West,0,91.6
nw,North Rhine-Westphalia,10,1985,1985-05-12,West,0,88.6
nw,North Rhine-Westphalia,11,1990,1990-05-13,West,0,86.7
nw,North Rhine-Westphalia,12,1995,1995-05-14,West,0,83.7
nw,North Rhine-Westphalia,13,2000,2000-05-14,West,0,79.8
nw,North Rhine-Westphalia,14,2005,2005-05-22,West,0,81.9
nw,North Rhine-Westphalia,15,2010,2010-05-09,West,0,69.1
nw,North Rhine-Westphalia,16,2012,2012-05-13,West,0,65.4
nw,North Rhine-Westphalia,17,2017,2017-05-14,West,0,64.2
nw,North Rhine-Westphalia,18,2022,2022-05-15,West,0,62.400000000000006
rp,Rhineland-Palatinate,1,1947,1947-05-18,West,0,81.5
rp,Rhineland-Palatinate,2,1951,1951-04-29,West,0,73.2
rp,Rhineland-Palatinate,3,1955,1955-05-15,West,0,78.5
rp,Rhineland-Palatinate,4,1959,1959-04-19,West,0,83.3
rp,Rhineland-Palatinate,5,1963,1963-03-31,West,0,85.1
rp,Rhineland-Palatinate,6,1967,1967-04-23,West,0,83.5
rp,Rhineland-Palatinate,7,1971,1971-03-21,West,0,90.5
rp,Rhineland-Palatinate,8,1975,1975-03-09,West,0,92.4
rp,Rhineland-Palatinate,9,1979,1979-03-18,West,0,92.4
rp,Rhineland-Palatinate,10,1983,1983-03-06,West,0,91.5
rp,Rhineland-Palatinate,11,1987,1987-05-17,West,0,83.9
rp,Rhineland-Palatinate,12,1991,1991-04-21,West,0,83.5
rp,Rhineland-Palatinate,13,1996,1996-03-24,West,0,78.5
rp,Rhineland-Palatinate,14,2001,2001-03-25,West,0,80
rp,Rhineland-Palatinate,15,2006,2006-03-26,West,0,78.4
rp,Rhineland-Palatinate,16,2011,2011-03-27,West,0,70.9
rp,Rhineland-Palatinate,17,2016,2016-03-13,West,0,68
rp,Rhineland-Palatinate,18,2021,2021-03-14,West,0,63.400000000000006
rp,Rhineland-Palatinate,19,2026,2026-03-22,West,0,56.9
sh,Schleswig-Holstein,1,1947,1947-02-20,West,0,77.9
sh,Schleswig-Holstein,2,1950,1950-07-09,West,0,47.3
sh,Schleswig-Holstein,3,1954,1954-09-12,West,0,65.4
sh,Schleswig-Holstein,4,1958,1958-11-28,West,0,80.3
sh,Schleswig-Holstein,5,1962,1962-11-23,West,0,84.2
sh,Schleswig-Holstein,6,1967,1967-04-23,West,0,85.4
sh,Schleswig-Holstein,7,1971,1971-04-25,West,0,92.9
sh,Schleswig-Holstein,8,1975,1975-04-13,West,0,90.5
sh,Schleswig-Holstein,9,1979,1979-04-29,West,0,90
sh,Schleswig-Holstein,10,1983,1983-03-13,West,0,92.7
sh,Schleswig-Holstein,11,1987,1987-09-13,West,0,87.80000000000001
sh,Schleswig-Holstein,12,1988,1988-05-08,West,0,88.1
sh,Schleswig-Holstein,13,1992,1992-04-05,West,0,80
sh,Schleswig-Holstein,14,1996,1996-03-24,West,0,77
sh,Schleswig-Holstein,15,2000,2000-02-27,West,0,78.30000000000001
sh,Schleswig-Holstein,16,2005,2005-02-20,West,0,78.9
sh,Schleswig-Holstein,17,2009,2009-09-27,West,0,56.9
sh,Schleswig-Holstein,18,2012,2012-05-06,West,0,61.2
sh,Schleswig-Holstein,19,2017,2017-05-07,West,0,59.2
sh,Schleswig-Holstein,20,2022,2022-05-08,West,0,59.4
sl,Saarland,3,1955,1955-12-18,West,0,39.7
sl,Saarland,4,1960,1960-12-04,West,0,66.6
sl,Saarland,5,1965,1965-06-27,West,0,83.4
sl,Saarland,6,1970,1970-06-14,West,0,88.6
sl,Saarland,7,1975,1975-05-04,West,0,90.9
sl,Saarland,8,1980,1980-04-27,West,0,89.4
sl,Saarland,9,1985,1985-03-10,West,0,86.5
sl,Saarland,10,1990,1990-01-28,West,0,87.8
sl,Saarland,11,1994,1994-10-16,West,0,88
sl,Saarland,12,1999,1999-09-05,West,0,89.9
sl,Saarland,13,2004,2004-09-05,West,0,78.3
sl,Saarland,14,2009,2009-08-30,West,0,59
sl,Saarland,15,2012,2012-03-25,West,0,65.80000000000001
sl,Saarland,16,2017,2017-03-26,West,0,70.30000000000001
sl,Saarland,17,2022,2022-03-27,West,0,72
sn,Saxony,1,1990,1990-10-14,East (incl. Berlin from 1990),1,72.9
sn,Saxony,2,1994,1994-09-11,East (incl. Berlin from 1990),1,74.7
sn,Saxony,3,1999,1999-09-19,East (incl. Berlin from 1990),1,67.6
sn,Saxony,4,2004,2004-09-19,East (incl. Berlin from 1990),1,50.900000000000006
sn,Saxony,5,2009,2009-08-30,East (incl. Berlin from 1990),1,50.6
sn,Saxony,6,2014,2014-08-31,East (incl. Berlin from 1990),1,51.4
sn,Saxony,7,2019,2019-09-01,East (incl. Berlin from 1990),1,39.800000000000004
sn,Saxony,8,2024,2024-09-01,East (incl. Berlin from 1990),1,39.199999999999996
st,Saxony-Anhalt,1,1990,1990-10-14,East (incl. Berlin from 1990),1,65
st,Saxony-Anhalt,2,1994,1994-06-26,East (incl. Berlin from 1990),1,68.4
st,Saxony-Anhalt,3,1998,1998-04-26,East (incl. Berlin from 1990),1,57.9
st,Saxony-Anhalt,4,2002,2002-04-21,East (incl. Berlin from 1990),1,57.3
st,Saxony-Anhalt,5,2006,2006-03-26,East (incl. Berlin from 1990),1,57.6
st,Saxony-Anhalt,6,2011,2011-03-20,East (incl. Berlin from 1990),1,54
st,Saxony-Anhalt,7,2016,2016-03-13,East (incl. Berlin from 1990),1,40.4
st,Saxony-Anhalt,8,2021,2021-06-06,East (incl. Berlin from 1990),1,45.5
st,Saxony-Anhalt,9,2026,2026-09-06,East (incl. Berlin from 1990),1,26.5
th,Thuringia,1,1990,1990-10-14,East (incl. Berlin from 1990),1,68.2
th,Thuringia,2,1994,1994-10-16,East (incl. Berlin from 1990),1,72.2
th,Thuringia,3,1999,1999-09-12,East (incl. Berlin from 1990),1,69.5
th,Thuringia,4,2004,2004-06-13,East (incl. Berlin from 1990),1,57.5
th,Thuringia,5,2009,2009-08-30,East (incl. Berlin from 1990),1,49.7
th,Thuringia,6,2014,2014-09-14,East (incl. Berlin from 1990),1,45.9
th,Thuringia,7,2019,2019-10-27,East (incl. Berlin from 1990),1,30
th,Thuringia,8,2024,2024-09-01,East (incl. Berlin from 1990),1,29.700000000000003
