land,name_en,elec_no,year,date,region,enp,n_parties
bb,Brandenburg,1,1990,1990-10-14,East (incl. Berlin from 1990),3.417475728155339,5
bb,Brandenburg,2,1994,1994-09-11,East (incl. Berlin from 1990),2.310262529832935,3
bb,Brandenburg,3,1999,1999-09-05,East (incl. Berlin from 1990),3.1646024770275667,4
bb,Brandenburg,4,2004,2004-09-19,East (incl. Berlin from 1990),3.2730346576500424,4
bb,Brandenburg,5,2009,2009-09-27,East (incl. Berlin from 1990),3.737451737451737,5
bb,Brandenburg,6,2014,2014-09-14,East (incl. Berlin from 1990),4.311804008908687,6
bb,Brandenburg,7,2019,2019-09-01,East (incl. Berlin from 1990),4.827930174563592,6
bb,Brandenburg,8,2024,2024-09-22,East (incl. Berlin from 1990),3.420494699646643,4
be,Berlin,1,1950,1950-12-03,West,2.7332655482121675,3
be,Berlin,2,1954,1954-12-05,West,2.5229156890348823,3
be,Berlin,3,1958,1958-12-07,West,1.9419255681194423,2
be,Berlin,4,1963,1963-02-17,West,2.0202020202020203,3
be,Berlin,5,1967,1967-03-12,West,2.1205513501299285,3
be,Berlin,6,1971,1971-03-14,West,2.2763566818073153,3
be,Berlin,7,1975,1975-03-02,West,2.3059438693842704,3
be,Berlin,8,1979,1979-03-18,West,2.333247983612854,3
be,Berlin,9,1981,1981-05-10,West,2.5058790196911747,4
be,Berlin,10,1985,1985-03-10,West,2.789346246973366,4
be,Berlin,11,1989,1989-01-29,West,2.947987616099071,4
be,Berlin,12,1990,1990-12-02,East (incl. Berlin from 1990),3.3975431412693764,6
be,Berlin,13,1995,1995-10-22,East (incl. Berlin from 1990),3.354624505928854,4
be,Berlin,14,1999,1999-10-10,East (incl. Berlin from 1990),3.190103875795822,4
be,Berlin,15,2001,2001-10-21,East (incl. Berlin from 1990),4.25626204238921,5
be,Berlin,16,2006,2006-09-17,East (incl. Berlin from 1990),4.107493061979649,5
be,Berlin,17,2011,2011-09-18,East (incl. Berlin from 1990),4.305022299786698,5
be,Berlin,18,2016,2016-09-18,East (incl. Berlin from 1990),5.526770293609672,6
be,Berlin,19,2021,2021-09-26,East (incl. Berlin from 1990),5.258943781942079,6
be,Berlin,20,2023,2023-02-12,East (incl. Berlin from 1990),4.367075487994472,5
be,Berlin,21,2026,2026-09-20,East (incl. Berlin from 1990),4.652254938501677,5
bw,Baden-Württemberg,1,1952,1952-03-09,West,3.2355801104972373,5
bw,Baden-Württemberg,2,1956,1956-03-04,West,2.925639983746444,4
bw,Baden-Württemberg,3,1960,1960-05-15,West,2.920606423299422,4
bw,Baden-Württemberg,4,1964,1964-04-26,West,2.4464831804281344,3
bw,Baden-Württemberg,5,1968,1968-04-28,West,2.966525657531727,4
bw,Baden-Württemberg,6,1972,1972-04-23,West,2.2677165354330713,3
bw,Baden-Württemberg,7,1976,1976-04-04,West,2.1521387623107446,3
bw,Baden-Württemberg,8,1980,1980-03-16,West,2.4176100628930817,4
bw,Baden-Württemberg,9,1984,1984-03-25,West,2.4613953488372093,4
bw,Baden-Württemberg,10,1988,1988-03-20,West,2.4924230339767104,4
bw,Baden-Württemberg,11,1992,1992-04-05,West,3.1958020989505247,5
bw,Baden-Württemberg,12,1996,1996-03-24,West,3.415067519545132,5
bw,Baden-Württemberg,13,2001,2001-03-25,West,2.6451404585082336,4
bw,Baden-Württemberg,14,2006,2006-03-26,West,2.8755767227265956,4
bw,Baden-Württemberg,15,2011,2011-03-27,West,3.0865478119935172,4
bw,Baden-Württemberg,16,2016,2016-03-13,West,4.084082284801279,5
bw,Baden-Württemberg,17,2021,2021-03-14,West,3.8865945591609306,5
bw,Baden-Württemberg,18,2026,2026-03-08,West,3.244570225088851,4
by,Bavaria,1,1946,1946-12-01,West,2.317265055070806,4
by,Bavaria,2,1950,1950-11-26,West,3.999231212761868,5
by,Bavaria,3,1954,1954-11-28,West,3.4901039919490104,5
by,Bavaria,4,1958,1958-11-23,West,2.803179307557591,5
by,Bavaria,5,1962,1962-11-25,West,2.3055955678670355,4
by,Bavaria,6,1966,1966-11-20,West,2.2415167510503067,3
by,Bavaria,7,1970,1970-11-20,West,2.042402826855124,3
by,Bavaria,8,1974,1974-10-27,West,1.9280948851000743,3
by,Bavaria,9,1978,1978-10-15,West,1.984927978632071,3
by,Bavaria,10,1982,1982-10-10,West,1.8308842938847336,2
by,Bavaria,11,1986,1986-10-12,West,2.0470241023118545,3
by,Bavaria,12,1990,1990-10-14,West,2.1139896373056994,4
by,Bavaria,13,1994,1994-09-25,West,2.1345917111202297,3
by,Bavaria,14,1998,1998-09-13,West,2.10033309780963,3
by,Bavaria,15,2003,2003-09-21,West,1.8747830112255528,3
by,Bavaria,16,2008,2008-09-28,West,3.166621389115276,5
by,Bavaria,17,2013,2013-09-15,West,2.561264822134387,4
by,Bavaria,18,2018,2018-10-14,West,4.007342423953467,6
by,Bavaria,19,2023,2023-10-08,West,3.769920409843564,5
hb,Bremen,1,1946,1946-10-13,West,2.0993788819875774,4
hb,Bremen,2,1947,1947-10-12,West,3.236245954692557,5
hb,Bremen,3,1951,1951-10-07,West,4.0816326530612255,8
hb,Bremen,4,1955,1955-10-09,West,2.913752913752914,5
hb,Bremen,5,1959,1959-10-11,West,2.335357309668379,4
hb,Bremen,6,1963,1963-09-29,West,2.331002331002331,4
hb,Bremen,7,1967,1967-10-01,West,2.7114967462039044,4
hb,Bremen,8,1971,1971-10-10,West,2.1340162185232607,3
hb,Bremen,9,1975,1975-09-28,West,2.440214738897023,3
hb,Bremen,10,1979,1979-10-07,West,2.544529262086514,4
hb,Bremen,11,1983,1983-09-25,West,2.1017234131988234,3
hb,Bremen,12,1987,1987-09-13,West,2.6723677177979686,5
hb,Bremen,13,1991,1991-09-29,West,3.3760972316002706,5
hb,Bremen,14,1995,1995-05-14,West,3.248862897985705,4
hb,Bremen,15,1999,1999-06-06,West,2.454590083456063,4
hb,Bremen,16,2003,2003-05-25,West,2.662930034789331,5
hb,Bremen,17,2007,2007-05-13,West,3.7747945205479447,7
hb,Bremen,18,2011,2011-05-22,West,3.1849283402681463,5
hb,Bremen,19,2015,2015-05-10,West,4.270923744575325,7
hb,Bremen,20,2019,2019-05-26,West,4.666666666666667,7
hb,Bremen,21,2023,2023-05-14,West,4.584494245911568,6
he,Hesse,1,1946,1946-12-01,West,3.20919175911252,4
he,Hesse,2,1950,1950-11-19,West,2.2906227630637077,3
he,Hesse,3,1954,1954-11-28,West,3.069953364423718,4
he,Hesse,4,1958,1958-11-23,West,2.6651243493348757,4
he,Hesse,5,1962,1962-11-11,West,2.6019198193111235,4
he,Hesse,6,1966,1966-11-06,West,2.600451467268624,4
he,Hesse,7,1970,1970-11-08,West,2.397938961553706,3
he,Hesse,8,1974,1974-10-27,West,2.294273795980281,3
he,Hesse,9,1978,1978-10-08,West,2.2583053378126166,3
he,Hesse,10,1982,1982-09-26,West,2.3332047821056694,3
he,Hesse,11,1983,1983-09-25,West,2.6021505376344085,4
he,Hesse,12,1987,1987-04-05,West,2.79704114655571,4
he,Hesse,13,1991,1991-01-20,West,2.7525022747952694,4
he,Hesse,14,1995,1995-02-19,West,2.885073915116833,4
he,Hesse,15,1999,1999-02-07,West,2.565733672603902,4
he,Hesse,16,2003,2003-02-02,West,2.7191011235955065,4
he,Hesse,17,2008,2008-01-27,West,3.2129580456718,5
he,Hesse,18,2009,2009-01-18,West,3.7816404128191197,5
he,Hesse,19,2013,2013-09-22,West,3.1461258450338017,5
he,Hesse,20,2018,2018-10-28,West,4.8814044213263985,6
he,Hesse,21,2023,2023-10-08,West,3.874917853231107,5
hh,Hamburg,1,1946,1946-10-13,West,1.6782246879334257,4
hh,Hamburg,2,1949,1949-10-16,West,2.3876243466531784,4
hh,Hamburg,3,1953,1953-11-01,West,1.9977802441731407,2
hh,Hamburg,4,1957,1957-11-10,West,2.201161724243351,3
hh,Hamburg,5,1961,1961-11-12,West,2.173913043478261,3
hh,Hamburg,6,1966,1966-03-27,West,2.0618556701030926,3
hh,Hamburg,7,1970,1970-03-22,West,2.1615130591413987,3
hh,Hamburg,8,1974,1974-03-03,West,2.4381984422621064,3
hh,Hamburg,9,1978,1978-06-04,West,1.9559902200488999,2
hh,Hamburg,10,1982,1982-06-06,West,2.306952899711631,3
hh,Hamburg,11,1982,1982-12-19,West,2.227722772277228,3
hh,Hamburg,12,1986,1986-11-09,West,2.443162538174415,3
hh,Hamburg,13,1987,1987-05-17,West,2.592725963269716,4
hh,Hamburg,14,1991,1991-06-02,West,2.529980991878348,4
hh,Hamburg,15,1993,1993-09-19,West,2.879252704031465,4
hh,Hamburg,16,1997,1997-09-21,West,2.675132468481637,3
hh,Hamburg,17,2001,2001-09-23,West,3.6721845999498375,5
hh,Hamburg,18,2004,2004-02-29,West,2.4652298366728402,3
hh,Hamburg,19,2008,2008-02-24,West,2.726951015086608,4
hh,Hamburg,20,2011,2011-02-20,West,2.9464681022338497,5
hh,Hamburg,21,2015,2015-02-15,West,3.440893066980023,6
hh,Hamburg,22,2020,2020-02-23,West,3.4005394470667554,6
hh,Hamburg,23,2025,2025-03-02,West,4.010134209805533,5
mv,Mecklenburg-Vorpommern,1,1990,1990-10-14,East (incl. Berlin from 1990),3.0208044382801664,4
mv,Mecklenburg-Vorpommern,2,1994,1994-10-16,East (incl. Berlin from 1990),2.8756417569880206,3
mv,Mecklenburg-Vorpommern,3,1998,1998-09-27,East (incl. Berlin from 1990),2.9565982404692086,3
mv,Mecklenburg-Vorpommern,4,2002,2002-09-22,East (incl. Berlin from 1990),2.6771109930961234,3
mv,Mecklenburg-Vorpommern,5,2006,2006-09-17,East (incl. Berlin from 1990),3.9786898184688244,5
mv,Mecklenburg-Vorpommern,6,2011,2011-09-04,East (incl. Berlin from 1990),3.8102796674225243,5
mv,Mecklenburg-Vorpommern,7,2016,2016-09-04,East (incl. Berlin from 1990),3.6608569353667395,4
mv,Mecklenburg-Vorpommern,8,2021,2021-09-26,East (incl. Berlin from 1990),3.835894283958204,6
mv,Mecklenburg-Vorpommern,9,2026,2026-09-20,East (incl. Berlin from 1990),2.632375979112271,4
ni,Lower Saxony,1,1947,1947-02-20,West,3.625837008002614,6
ni,Lower Saxony,2,1951,1951-05-06,West,4.031653746770026,9
ni,Lower Saxony,3,1955,1955-04-24,West,4.1007299270073,8
ni,Lower Saxony,4,1959,1959-04-19,West,3.3045984716449928,5
ni,Lower Saxony,5,1963,1963-05-19,West,2.3696232255310066,3
ni,Lower Saxony,6,1967,1967-06-04,West,2.604222873900293,4
ni,Lower Saxony,7,1970,1970-06-14,West,1.9999099180254027,2
ni,Lower Saxony,8,1974,1974-06-09,West,2.2796280482019164,3
ni,Lower Saxony,9,1978,1978-06-04,West,1.989977636047378,2
ni,Lower Saxony,10,1982,1982-03-21,West,2.4866910451569013,4
ni,Lower Saxony,11,1986,1986-06-15,West,2.5780663161283397,4
ni,Lower Saxony,12,1990,1990-05-13,West,2.483204134366925,4
ni,Lower Saxony,13,1994,1994-03-13,West,2.310455477315269,3
ni,Lower Saxony,14,1998,1998-03-01,West,2.2661579479635927,3
ni,Lower Saxony,15,2003,2003-02-02,West,2.6429642490726852,4
ni,Lower Saxony,16,2008,2008-01-27,West,3.1382776419451237,5
ni,Lower Saxony,17,2013,2013-01-20,West,3.17419245729748,4
ni,Lower Saxony,18,2017,2017-10-15,West,3.196900017032873,5
ni,Lower Saxony,19,2022,2022-10-09,West,3.3526266121421826,4
nw,North Rhine-Westphalia,1,1947,1947-04-20,West,3.359447004608295,5
nw,North Rhine-Westphalia,2,1950,1950-06-18,West,3.2214788487002584,5
nw,North Rhine-Westphalia,3,1954,1954-06-27,West,2.7431079412974904,4
nw,North Rhine-Westphalia,4,1958,1958-07-06,West,2.2724690376093624,3
nw,North Rhine-Westphalia,5,1962,1962-07-08,West,2.2841480127912286,3
nw,North Rhine-Westphalia,6,1966,1966-07-10,West,2.2959476523935254,3
nw,North Rhine-Westphalia,7,1970,1970-06-14,West,2.2244466688911135,3
nw,North Rhine-Westphalia,8,1975,1975-05-04,West,2.285453091075306,3
nw,North Rhine-Westphalia,9,1980,1980-05-11,West,1.9940279354424757,2
nw,North Rhine-Westphalia,10,1985,1985-05-12,West,2.1866751538298326,3
nw,North Rhine-Westphalia,11,1990,1990-05-13,West,2.4235648521362814,4
nw,North Rhine-Westphalia,12,1995,1995-05-14,West,2.4225484846981797,3
nw,North Rhine-Westphalia,13,2000,2000-05-14,West,2.806553410824173,4
nw,North Rhine-Westphalia,14,2005,2005-05-22,West,2.55527950310559,4
nw,North Rhine-Westphalia,15,2010,2010-05-09,West,3.3439828518934362,5
nw,North Rhine-Westphalia,16,2012,2012-05-13,West,3.507274430221667,5
nw,North Rhine-Westphalia,17,2017,2017-05-14,West,3.541812002504248,5
nw,North Rhine-Westphalia,18,2022,2022-05-15,West,3.546777352858875,5
rp,Rhineland-Palatinate,1,1947,1947-05-18,West,2.798628257887517,4
rp,Rhineland-Palatinate,2,1951,1951-04-29,West,2.736726874657909,3
rp,Rhineland-Palatinate,3,1955,1955-05-15,West,2.4307243558580454,3
rp,Rhineland-Palatinate,4,1959,1959-04-19,West,2.3957834211787254,4
rp,Rhineland-Palatinate,5,1963,1963-03-31,West,2.447381302006853,3
rp,Rhineland-Palatinate,6,1967,1967-04-23,West,2.498750624687656,4
rp,Rhineland-Palatinate,7,1971,1971-03-21,West,2.103491796381994,3
rp,Rhineland-Palatinate,8,1975,1975-03-09,West,2.1505376344086016,3
rp,Rhineland-Palatinate,9,1979,1979-03-18,West,2.2291573785109233,3
rp,Rhineland-Palatinate,10,1983,1983-03-06,West,1.9615535504119266,2
rp,Rhineland-Palatinate,11,1987,1987-05-17,West,2.513826043237808,4
rp,Rhineland-Palatinate,12,1991,1991-04-21,West,2.6109546966982338,4
rp,Rhineland-Palatinate,13,1996,1996-03-24,West,2.772764338135363,4
rp,Rhineland-Palatinate,14,2001,2001-03-25,West,2.5858048162230673,4
rp,Rhineland-Palatinate,15,2006,2006-03-26,West,2.343441304847232,3
rp,Rhineland-Palatinate,16,2011,2011-03-27,West,2.7065534624568857,3
rp,Rhineland-Palatinate,17,2016,2016-03-13,West,3.370003303600925,5
rp,Rhineland-Palatinate,18,2021,2021-03-14,West,3.7297989031078598,6
rp,Rhineland-Palatinate,19,2026,2026-03-22,West,3.4228500465693883,4
sh,Schleswig-Holstein,1,1947,1947-02-20,West,2.106620808254514,3
sh,Schleswig-Holstein,2,1950,1950-07-09,West,4.903192584963954,6
sh,Schleswig-Holstein,3,1954,1954-09-12,West,3.4227174694464417,5
sh,Schleswig-Holstein,4,1958,1958-11-28,West,2.6405990016638934,5
sh,Schleswig-Holstein,5,1962,1962-11-23,West,2.3534354918437965,4
sh,Schleswig-Holstein,6,1967,1967-04-23,West,2.550981330780278,5
sh,Schleswig-Holstein,7,1971,1971-04-25,West,2.0300952380952384,3
sh,Schleswig-Holstein,8,1975,1975-04-13,West,2.322004357298475,4
sh,Schleswig-Holstein,9,1979,1979-04-29,West,2.270558159352365,4
sh,Schleswig-Holstein,10,1983,1983-03-13,West,2.0448095593726663,3
sh,Schleswig-Holstein,11,1987,1987-09-13,West,2.2797668609492088,4
sh,Schleswig-Holstein,12,1988,1988-05-08,West,1.9241040056219256,3
sh,Schleswig-Holstein,13,1992,1992-04-05,West,2.5461266473802637,5
sh,Schleswig-Holstein,14,1996,1996-03-24,West,2.750611246943765,5
sh,Schleswig-Holstein,15,2000,2000-02-27,West,2.7763757448300033,5
sh,Schleswig-Holstein,16,2005,2005-02-20,West,2.6792346651660104,5
sh,Schleswig-Holstein,17,2009,2009-09-27,West,4.153244362632306,6
sh,Schleswig-Holstein,18,2012,2012-05-06,West,4.14360313315927,6
sh,Schleswig-Holstein,19,2017,2017-05-07,West,4.160031225604997,6
sh,Schleswig-Holstein,20,2022,2022-05-08,West,3.0975927130774235,5
sl,Saarland,1,1947,1947-10-05,West,2.302025782688766,4
sl,Saarland,2,1952,1952-11-30,West,2.181500872600349,3
sl,Saarland,3,1955,1955-12-18,West,4.41696113074205,6
sl,Saarland,4,1960,1960-12-04,West,3.5410764872521243,5
sl,Saarland,5,1965,1965-06-27,West,2.525252525252525,4
sl,Saarland,6,1970,1970-06-14,West,1.9872813990461045,2
sl,Saarland,7,1975,1975-05-04,West,2.23613595706619,3
sl,Saarland,8,1980,1980-04-27,West,2.3202497769848347,3
sl,Saarland,9,1985,1985-03-10,West,2.362397820163488,3
sl,Saarland,10,1990,1990-01-28,West,2.1094890510948905,3
sl,Saarland,11,1994,1994-10-16,West,2.2061068702290076,3
sl,Saarland,12,1999,1999-09-05,West,1.9992313604919294,2
sl,Saarland,13,2004,2004-09-05,West,2.4285714285714284,4
sl,Saarland,14,2009,2009-08-30,West,3.797080291970803,5
sl,Saarland,15,2012,2012-03-25,West,3.4633821571238346,5
sl,Saarland,16,2017,2017-03-26,West,2.8179848320693393,4
sl,Saarland,17,2022,2022-03-27,West,2.1478117258464082,3
sn,Saxony,1,1990,1990-10-14,East (incl. Berlin from 1990),2.570797348865234,5
sn,Saxony,2,1994,1994-09-11,East (incl. Berlin from 1990),2.1009629413481177,3
sn,Saxony,3,1999,1999-09-19,East (incl. Berlin from 1990),2.0954598370197903,3
sn,Saxony,4,2004,2004-09-19,East (incl. Berlin from 1990),3.5072992700729917,6
sn,Saxony,5,2009,2009-08-30,East (incl. Berlin from 1990),3.6743989877688734,6
sn,Saxony,6,2014,2014-08-31,East (incl. Berlin from 1990),3.3116395494367965,5
sn,Saxony,7,2019,2019-09-01,East (incl. Berlin from 1990),3.622665643387055,5
sn,Saxony,8,2024,2024-09-01,East (incl. Berlin from 1990),3.900325027085591,7
st,Saxony-Anhalt,1,1990,1990-10-14,East (incl. Berlin from 1990),3.3066509711595056,5
st,Saxony-Anhalt,2,1994,1994-06-26,East (incl. Berlin from 1990),3.1303098051740657,4
st,Saxony-Anhalt,3,1998,1998-04-26,East (incl. Berlin from 1990),3.4734124935467223,4
st,Saxony-Anhalt,4,2002,2002-04-21,East (incl. Berlin from 1990),3.441321883944835,4
st,Saxony-Anhalt,5,2006,2006-03-26,East (incl. Berlin from 1990),3.2433643571182356,4
st,Saxony-Anhalt,6,2011,2011-03-20,East (incl. Berlin from 1990),3.362305580969808,4
st,Saxony-Anhalt,7,2016,2016-03-13,East (incl. Berlin from 1990),3.927867151011936,5
st,Saxony-Anhalt,8,2021,2021-06-06,East (incl. Berlin from 1990),3.857728577285773,6
st,Saxony-Anhalt,9,2026,2026-09-06,East (incl. Berlin from 1990),3.5094243504839517,6
th,Thuringia,1,1990,1990-10-14,East (incl. Berlin from 1990),3.0761165048543697,5
th,Thuringia,2,1994,1994-10-16,East (incl. Berlin from 1990),2.6758811333794053,3
th,Thuringia,3,1999,1999-09-12,East (incl. Berlin from 1990),2.445988629185092,3
th,Thuringia,4,2004,2004-06-13,East (incl. Berlin from 1990),2.5524060646011866,3
th,Thuringia,5,2009,2009-08-30,East (incl. Berlin from 1990),3.799803729146221,5
th,Thuringia,6,2014,2014-09-14,East (incl. Berlin from 1990),3.6952253458277546,5
th,Thuringia,7,2019,2019-10-27,East (incl. Berlin from 1990),4.308510638297872,6
th,Thuringia,8,2024,2024-09-01,East (incl. Berlin from 1990),3.9550561797752803,5
