state,age,party,pct
Saxony-Anhalt,16/18-24,AfD,41
Saxony-Anhalt,16/18-24,CDU,5
Saxony-Anhalt,16/18-24,Left,15
Saxony-Anhalt,16/18-24,SPD,9
Saxony-Anhalt,16/18-24,Greens,14
Saxony-Anhalt,16/18-24,BSW,6
Saxony-Anhalt,25-34,AfD,43
Saxony-Anhalt,25-34,CDU,6
Saxony-Anhalt,25-34,Left,13
Saxony-Anhalt,25-34,SPD,8
Saxony-Anhalt,25-34,Greens,16
Saxony-Anhalt,25-34,BSW,6
Saxony-Anhalt,35-44,AfD,52
Saxony-Anhalt,35-44,CDU,9
Saxony-Anhalt,35-44,Left,7
Saxony-Anhalt,35-44,SPD,7
Saxony-Anhalt,35-44,Greens,12
Saxony-Anhalt,35-44,BSW,5
Saxony-Anhalt,45-59,AfD,52
Saxony-Anhalt,45-59,CDU,13
Saxony-Anhalt,45-59,Left,6
Saxony-Anhalt,45-59,SPD,7
Saxony-Anhalt,45-59,Greens,10
Saxony-Anhalt,45-59,BSW,5
Saxony-Anhalt,60-69,AfD,47
Saxony-Anhalt,60-69,CDU,20
Saxony-Anhalt,60-69,Left,7
Saxony-Anhalt,60-69,SPD,8
Saxony-Anhalt,60-69,Greens,6
Saxony-Anhalt,60-69,BSW,6
Saxony-Anhalt,70+,AfD,31
Saxony-Anhalt,70+,CDU,30
Saxony-Anhalt,70+,Left,11
Saxony-Anhalt,70+,SPD,13
Saxony-Anhalt,70+,Greens,5
Saxony-Anhalt,70+,BSW,5
Berlin,16/18-24,AfD,12
Berlin,16/18-24,CDU,8
Berlin,16/18-24,Left,43
Berlin,16/18-24,SPD,7
Berlin,16/18-24,Greens,11
Berlin,16/18-24,BSW,6
Berlin,25-34,AfD,9
Berlin,25-34,CDU,6
Berlin,25-34,Left,49
Berlin,25-34,SPD,6
Berlin,25-34,Greens,13
Berlin,25-34,BSW,5
Berlin,35-44,AfD,15
Berlin,35-44,CDU,11
Berlin,35-44,Left,31
Berlin,35-44,SPD,9
Berlin,35-44,Greens,18
Berlin,35-44,BSW,4
Berlin,45-59,AfD,20
Berlin,45-59,CDU,19
Berlin,45-59,Left,20
Berlin,45-59,SPD,11
Berlin,45-59,Greens,18
Berlin,45-59,BSW,4
Berlin,60-69,AfD,23
Berlin,60-69,CDU,24
Berlin,60-69,Left,16
Berlin,60-69,SPD,14
Berlin,60-69,Greens,13
Berlin,60-69,BSW,5
Berlin,70+,AfD,12
Berlin,70+,CDU,33
Berlin,70+,Left,15
Berlin,70+,SPD,21
Berlin,70+,Greens,10
Berlin,70+,BSW,5
Mecklenburg-Vorpommern,16/18-24,AfD,35
Mecklenburg-Vorpommern,16/18-24,CDU,1
Mecklenburg-Vorpommern,16/18-24,Left,21
Mecklenburg-Vorpommern,16/18-24,SPD,23
Mecklenburg-Vorpommern,16/18-24,Greens,7
Mecklenburg-Vorpommern,16/18-24,BSW,5
Mecklenburg-Vorpommern,25-34,AfD,32
Mecklenburg-Vorpommern,25-34,CDU,3
Mecklenburg-Vorpommern,25-34,Left,17
Mecklenburg-Vorpommern,25-34,SPD,24
Mecklenburg-Vorpommern,25-34,Greens,10
Mecklenburg-Vorpommern,25-34,BSW,5
Mecklenburg-Vorpommern,35-44,AfD,45
Mecklenburg-Vorpommern,35-44,CDU,2
Mecklenburg-Vorpommern,35-44,Left,6
Mecklenburg-Vorpommern,35-44,SPD,28
Mecklenburg-Vorpommern,35-44,Greens,7
Mecklenburg-Vorpommern,35-44,BSW,5
Mecklenburg-Vorpommern,45-59,AfD,47
Mecklenburg-Vorpommern,45-59,CDU,5
Mecklenburg-Vorpommern,45-59,Left,4
Mecklenburg-Vorpommern,45-59,SPD,29
Mecklenburg-Vorpommern,45-59,Greens,6
Mecklenburg-Vorpommern,45-59,BSW,5
Mecklenburg-Vorpommern,60-69,AfD,41
Mecklenburg-Vorpommern,60-69,CDU,6
Mecklenburg-Vorpommern,60-69,Left,3
Mecklenburg-Vorpommern,60-69,SPD,37
Mecklenburg-Vorpommern,60-69,Greens,4
Mecklenburg-Vorpommern,60-69,BSW,5
Mecklenburg-Vorpommern,70+,AfD,26
Mecklenburg-Vorpommern,70+,CDU,7
Mecklenburg-Vorpommern,70+,Left,4
Mecklenburg-Vorpommern,70+,SPD,52
Mecklenburg-Vorpommern,70+,Greens,4
Mecklenburg-Vorpommern,70+,BSW,5
