land,name_en,year,date,party,party_lab,pct,seats,total_seats,seat_share,re_entered
ni,Lower Saxony,1951,1951-05-06,srp,SRP/DRP (1950s),11,16,158,0.10126582278481013,FALSE
ni,Lower Saxony,1951,1951-05-06,drp,SRP/DRP (1950s),2.2,3,158,0.0189873417721519,TRUE
hb,Bremen,1951,1951-10-07,srp,SRP/DRP (1950s),7.7,8,100,0.08,FALSE
ni,Lower Saxony,1955,1955-04-24,drp,SRP/DRP (1950s),3.8,6,159,0.03773584905660377,FALSE
rp,Rhineland-Palatinate,1959,1959-04-19,drp,SRP/DRP (1950s),5.1,1,100,0.01,FALSE
he,Hesse,1966,1966-11-06,npd,NPD,7.9,8,96,0.08333333333333333,FALSE
by,Bavaria,1966,1966-11-20,npd,NPD,7.4,15,204,0.07352941176470588,FALSE
rp,Rhineland-Palatinate,1967,1967-04-23,npd,NPD,6.9,4,100,0.04,FALSE
sh,Schleswig-Holstein,1967,1967-04-23,npd,NPD,5.8,4,73,0.0547945205479452,FALSE
ni,Lower Saxony,1967,1967-06-04,npd,NPD,7,10,149,0.06711409395973154,FALSE
hb,Bremen,1967,1967-10-01,npd,NPD,8.8,8,100,0.08,FALSE
bw,Baden-Württemberg,1968,1968-04-28,npd,NPD,9.8,12,127,0.09448818897637795,FALSE
hb,Bremen,1987,1987-09-13,dvu,DVU,3.4,1,100,0.01,TRUE
be,Berlin,1989,1989-01-29,rep,REP,7.5,11,138,0.07971014492753623,FALSE
hb,Bremen,1991,1991-09-29,dvu,DVU,6.2,6,100,0.06,FALSE
bw,Baden-Württemberg,1992,1992-04-05,rep,REP,10.9,15,146,0.10273972602739725,TRUE
sh,Schleswig-Holstein,1992,1992-04-05,dvu,DVU,6.3,6,89,0.06741573033707865,FALSE
bw,Baden-Württemberg,1996,1996-03-24,rep,REP,9.1,14,155,0.09032258064516129,FALSE
st,Saxony-Anhalt,1998,1998-04-26,dvu,DVU,12.9,16,116,0.13793103448275862,FALSE
hb,Bremen,1999,1999-06-06,dvu,DVU,3,1,100,0.01,TRUE
bb,Brandenburg,1999,1999-09-05,dvu,DVU,5.3,5,89,0.056179775280898875,TRUE
hh,Hamburg,2001,2001-09-23,schill,Schill,19.4,25,121,0.2066115702479339,FALSE
hb,Bremen,2003,2003-05-25,dvu,DVU,2.3,1,83,0.012048192771084338,TRUE
bb,Brandenburg,2004,2004-09-19,dvu,DVU,6.1,6,88,0.06818181818181818,FALSE
sn,Saxony,2004,2004-09-19,npd,NPD,9.2,12,124,0.0967741935483871,TRUE
mv,Mecklenburg-Vorpommern,2006,2006-09-17,npd,NPD,7.3,6,71,0.08450704225352113,TRUE
hb,Bremen,2007,2007-05-13,dvu,DVU,2.7,1,83,0.012048192771084338,FALSE
hb,Bremen,2007,2007-05-13,biw,BIW (Bremen),0.8,1,83,0.012048192771084338,TRUE
sn,Saxony,2009,2009-08-30,npd,NPD,5.6,8,132,0.06060606060606061,FALSE
hb,Bremen,2011,2011-05-22,biw,BIW (Bremen),3.7,1,83,0.012048192771084338,TRUE
mv,Mecklenburg-Vorpommern,2011,2011-09-04,npd,NPD,6,5,71,0.07042253521126761,FALSE
sn,Saxony,2014,2014-08-31,afd,AfD,9.7,14,126,0.1111111111111111,TRUE
bb,Brandenburg,2014,2014-09-14,afd,AfD,12.2,11,88,0.125,TRUE
th,Thuringia,2014,2014-09-14,afd,AfD,10.6,11,91,0.12087912087912088,TRUE
hh,Hamburg,2015,2015-02-15,afd,AfD,6.1,8,121,0.06611570247933884,TRUE
hb,Bremen,2015,2015-05-10,afd,AfD,5.5,4,83,0.04819277108433735,TRUE
hb,Bremen,2015,2015-05-10,biw,BIW (Bremen),3.2,1,83,0.012048192771084338,TRUE
bw,Baden-Württemberg,2016,2016-03-13,afd,AfD,15.1,23,143,0.16083916083916083,TRUE
rp,Rhineland-Palatinate,2016,2016-03-13,afd,AfD,12.6,14,101,0.13861386138613863,TRUE
st,Saxony-Anhalt,2016,2016-03-13,afd,AfD,24.3,25,87,0.28735632183908044,TRUE
mv,Mecklenburg-Vorpommern,2016,2016-09-04,afd,AfD,20.8,18,71,0.2535211267605634,TRUE
be,Berlin,2016,2016-09-18,afd,AfD,14.2,25,160,0.15625,TRUE
sl,Saarland,2017,2017-03-26,afd,AfD,6.2,3,51,0.058823529411764705,TRUE
sh,Schleswig-Holstein,2017,2017-05-07,afd,AfD,5.9,5,73,0.0684931506849315,FALSE
nw,North Rhine-Westphalia,2017,2017-05-14,afd,AfD,7.4,16,199,0.08040201005025126,TRUE
ni,Lower Saxony,2017,2017-10-15,afd,AfD,6.2,9,137,0.06569343065693431,TRUE
by,Bavaria,2018,2018-10-14,afd,AfD,10.2,22,205,0.1073170731707317,TRUE
he,Hesse,2018,2018-10-28,afd,AfD,13.1,19,137,0.1386861313868613,TRUE
hb,Bremen,2019,2019-05-26,afd,AfD,6.1,5,84,0.05952380952380952,FALSE
hb,Bremen,2019,2019-05-26,biw,BIW (Bremen),2.4,1,84,0.011904761904761904,TRUE
bb,Brandenburg,2019,2019-09-01,afd,AfD,23.5,23,88,0.26136363636363635,TRUE
sn,Saxony,2019,2019-09-01,afd,AfD,27.5,38,119,0.31932773109243695,TRUE
th,Thuringia,2019,2019-10-27,afd,AfD,23.4,22,90,0.24444444444444444,TRUE
hh,Hamburg,2020,2020-02-23,afd,AfD,5.3,7,123,0.056910569105691054,TRUE
bw,Baden-Württemberg,2021,2021-03-14,afd,AfD,9.7,17,154,0.11038961038961038,TRUE
rp,Rhineland-Palatinate,2021,2021-03-14,afd,AfD,8.3,9,101,0.0891089108910891,TRUE
st,Saxony-Anhalt,2021,2021-06-06,afd,AfD,20.8,23,97,0.23711340206185566,TRUE
be,Berlin,2021,2021-09-26,afd,AfD,8,13,147,0.08843537414965986,TRUE
mv,Mecklenburg-Vorpommern,2021,2021-09-26,afd,AfD,16.7,14,79,0.17721518987341772,TRUE
sl,Saarland,2022,2022-03-27,afd,AfD,5.7,3,51,0.058823529411764705,NA
nw,North Rhine-Westphalia,2022,2022-05-15,afd,AfD,5.4,12,195,0.06153846153846154,NA
ni,Lower Saxony,2022,2022-10-09,afd,AfD,10.9,18,146,0.1232876712328767,NA
be,Berlin,2023,2023-02-12,afd,AfD,9.1,17,159,0.1069182389937107,TRUE
hb,Bremen,2023,2023-05-14,biw,BIW (Bremen),9.4,10,87,0.11494252873563218,NA
by,Bavaria,2023,2023-10-08,afd,AfD,14.6,32,203,0.15763546798029557,NA
he,Hesse,2023,2023-10-08,afd,AfD,18.4,28,133,0.21052631578947367,NA
sn,Saxony,2024,2024-09-01,afd,AfD,30.6,40,120,0.3333333333333333,NA
th,Thuringia,2024,2024-09-01,afd,AfD,32.8,32,88,0.36363636363636365,NA
bb,Brandenburg,2024,2024-09-22,afd,AfD,29.2,30,88,0.3409090909090909,NA
hh,Hamburg,2025,2025-03-02,afd,AfD,7.5,10,121,0.08264462809917356,NA
bw,Baden-Württemberg,2026,2026-03-08,afd,AfD,18.8,35,157,0.2229299363057325,NA
rp,Rhineland-Palatinate,2026,2026-03-22,afd,AfD,19.5,24,105,0.22857142857142856,NA
st,Saxony-Anhalt,2026,2026-09-06,afd,AfD,43.8,39,83,0.46987951807228917,NA
be,Berlin,2026,2026-09-20,afd,AfD,16,29,158,0.18354430379746836,NA
mv,Mecklenburg-Vorpommern,2026,2026-09-20,afd,AfD,38.2,32,71,0.4507042253521127,NA
