name_en,year,party,pct,seats,total_seats,seat_share
Saxony-Anhalt,2026,afd,43.8,39,83,0.46987951807228917
Mecklenburg-Vorpommern,2026,afd,38.2,32,71,0.4507042253521127
Thuringia,2024,afd,32.8,32,88,0.36363636363636365
Brandenburg,2024,afd,29.2,30,88,0.3409090909090909
Saxony,2024,afd,30.6,40,120,0.3333333333333333
Saxony,2019,afd,27.5,38,119,0.31932773109243695
Saxony-Anhalt,2016,afd,24.3,25,87,0.28735632183908044
Brandenburg,2019,afd,23.5,23,88,0.26136363636363635
Mecklenburg-Vorpommern,2016,afd,20.8,18,71,0.2535211267605634
Thuringia,2019,afd,23.4,22,90,0.24444444444444444
