land,party_label,party,fit,low,high,last_poll,name_en,result,error,inside
st,CDU,cdu,23,18,27,2026-09-03,Saxony-Anhalt,17.2,-5.800000000000001,FALSE
st,AfD,afd,41,36,47,2026-09-03,Saxony-Anhalt,43.8,2.799999999999997,TRUE
st,LINKE,linke,12,9,15,2026-09-03,Saxony-Anhalt,8.6,-3.4000000000000004,FALSE
st,SPD,spd,8,6,10,2026-09-03,Saxony-Anhalt,9.3,1.3000000000000007,TRUE
st,FDP,fdp,3,2,4,2026-09-03,Saxony-Anhalt,2.6,-0.3999999999999999,TRUE
st,GRÜNE,gruene,5,4,7,2026-09-03,Saxony-Anhalt,8.9,3.9000000000000004,FALSE
st,BSW,bsw,4,3,5,2026-09-03,Saxony-Anhalt,5.3,1.2999999999999998,FALSE
st,Sonstige,sonstige,4,3,5,2026-09-03,Saxony-Anhalt,3.2,-0.7999999999999998,TRUE
be,CDU,cdu,20,16,24,2026-09-18,Berlin,18.8,-1.1999999999999993,TRUE
be,GRÜNE,gruene,16,12,20,2026-09-18,Berlin,14.3,-1.6999999999999993,TRUE
be,SPD,spd,12,9,16,2026-09-18,Berlin,12.1,0.09999999999999964,TRUE
be,LINKE,linke,21,16,25,2026-09-18,Berlin,25.7,4.699999999999999,FALSE
be,AfD,afd,18,14,22,2026-09-18,Berlin,16,-2,TRUE
be,FDP,fdp,2,2,4,2026-09-18,Berlin,2.5,0.5,TRUE
be,BSW,bsw,4,3,6,2026-09-18,Berlin,4.7,0.7000000000000002,TRUE
be,Sonstige,sonstige,7,5,9,2026-09-18,Berlin,5.9,-1.0999999999999996,TRUE
mv,SPD,spd,33,28,39,2026-09-17,Mecklenburg-Vorpommern,35.5,2.5,TRUE
mv,AfD,afd,37,31,42,2026-09-17,Mecklenburg-Vorpommern,38.2,1.2000000000000028,TRUE
mv,CDU,cdu,7,5,9,2026-09-17,Mecklenburg-Vorpommern,4.9,-2.0999999999999996,FALSE
mv,LINKE,linke,10,8,13,2026-09-17,Mecklenburg-Vorpommern,6.5,-3.5,FALSE
mv,GRÜNE,gruene,5,4,7,2026-09-17,Mecklenburg-Vorpommern,5.7,0.7000000000000002,TRUE
mv,FDP,fdp,2,1,3,2026-09-17,Mecklenburg-Vorpommern,1,-1,TRUE
mv,BSW,bsw,4,3,5,2026-09-17,Mecklenburg-Vorpommern,4.8,0.7999999999999998,TRUE
mv,Sonstige,sonstige,2,1,3,2026-09-17,Mecklenburg-Vorpommern,3.1,1.1,FALSE
