name_en,date,party,pct,pct_prev,swing
Berlin,2026-09-20,afd,16,9.1,6.9
Berlin,2026-09-20,cdu,18.8,28.2,-9.399999999999999
Berlin,2026-09-20,fdp,2.5,4.6,-2.0999999999999996
Berlin,2026-09-20,gru,14.3,18.4,-4.099999999999998
Berlin,2026-09-20,lin,25.7,12.2,13.5
Berlin,2026-09-20,spd,12.1,18.4,-6.299999999999999
Baden-Württemberg,2026-03-08,afd,18.8,9.7,9.100000000000001
Baden-Württemberg,2026-03-08,cdu,29.7,24.1,5.599999999999998
Baden-Württemberg,2026-03-08,fdp,4.4,10.5,-6.1
Baden-Württemberg,2026-03-08,gru,30.2,32.6,-2.400000000000002
Baden-Württemberg,2026-03-08,lin,4.4,3.6,0.8000000000000003
Baden-Württemberg,2026-03-08,spd,5.5,11,-5.5
Mecklenburg-Vorpommern,2026-09-20,afd,38.2,16.7,21.500000000000004
Mecklenburg-Vorpommern,2026-09-20,cdu,4.9,13.3,-8.4
Mecklenburg-Vorpommern,2026-09-20,fdp,1,5.8,-4.8
Mecklenburg-Vorpommern,2026-09-20,gru,5.7,6.3,-0.5999999999999996
Mecklenburg-Vorpommern,2026-09-20,lin,6.5,9.9,-3.4000000000000004
Mecklenburg-Vorpommern,2026-09-20,spd,35.5,39.6,-4.100000000000001
Rhineland-Palatinate,2026-03-22,afd,19.5,8.3,11.2
Rhineland-Palatinate,2026-03-22,cdu,31,27.7,3.3000000000000007
Rhineland-Palatinate,2026-03-22,fdp,2.1,5.5,-3.4
Rhineland-Palatinate,2026-03-22,gru,7.9,9.3,-1.4000000000000004
Rhineland-Palatinate,2026-03-22,lin,4.4,2.5,1.9000000000000004
Rhineland-Palatinate,2026-03-22,spd,25.9,35.7,-9.800000000000004
Saxony-Anhalt,2026-09-06,afd,43.8,20.8,22.999999999999996
Saxony-Anhalt,2026-09-06,cdu,17.2,37.1,-19.900000000000002
Saxony-Anhalt,2026-09-06,fdp,2.6,6.4,-3.8000000000000003
Saxony-Anhalt,2026-09-06,gru,8.9,5.9,3
Saxony-Anhalt,2026-09-06,lin,8.6,11,-2.4000000000000004
Saxony-Anhalt,2026-09-06,spd,9.3,8.4,0.9000000000000004
