name_en,year,turnout_before,turnout,d_now,year_next,turnout_next,d_next,kept
Hesse,1954,64.9,82.4,17.5,1958,82.3,-0.10000000000000853,TRUE
Saxony-Anhalt,2026,60.3,77.8,17.5,NA,NA,NA,NA
Saxony,2019,49.2,66.5,17.299999999999997,2024,74.4,7.900000000000006,TRUE
Saxony-Anhalt,1998,54.8,71.7,16.900000000000006,2002,56.5,-15.200000000000003,FALSE
Bremen,1951,67.8,83.3,15.5,1955,84,0.7000000000000028,TRUE
Bremen,2019,50.2,64.1,13.899999999999991,2023,56.9,-7.199999999999996,FALSE
Brandenburg,2019,47.9,61.3,13.399999999999999,2024,72.9,11.600000000000009,TRUE
Baden-Württemberg,2011,53.4,66.2,12.800000000000004,2016,70.4,4.200000000000003,TRUE
North Rhine-Westphalia,1975,73.5,86.1,12.599999999999994,1980,80,-6.099999999999994,TRUE
Hesse,2013,61,73.2,12.200000000000003,2018,67.3,-5.900000000000006,TRUE
Saarland,2009,55.5,67.7,12.200000000000003,2012,61.6,-6.100000000000001,FALSE
Thuringia,2019,52.7,64.9,12.200000000000003,2024,73.6,8.699999999999989,TRUE
Brandenburg,2024,61.3,72.9,11.600000000000009,NA,NA,NA,NA
Berlin,2026,63,74.2,11.200000000000003,NA,NA,NA,NA
Lower Saxony,1951,65.1,75.8,10.700000000000003,1955,77.5,1.7000000000000028,TRUE
Brandenburg,2009,56.4,67,10.600000000000001,2014,47.9,-19.1,FALSE
Hamburg,1953,70.5,80.9,10.400000000000006,1957,77.3,-3.6000000000000085,TRUE
Mecklenburg-Vorpommern,2016,51.5,61.9,10.399999999999999,2021,70.8,8.899999999999999,TRUE
Baden-Württemberg,1972,70,80,10,1976,75.5,-4.5,TRUE
Saxony-Anhalt,2016,51.2,61.1,9.899999999999999,2021,60.3,-0.8000000000000043,TRUE
Rhineland-Palatinate,1983,81.4,90.4,9,1987,77,-13.400000000000006,FALSE
Mecklenburg-Vorpommern,2021,61.9,70.8,8.899999999999999,2026,78,7.200000000000003,TRUE
Bavaria,2018,63.6,72.4,8.800000000000004,2023,73.3,0.8999999999999915,TRUE
Baden-Württemberg,1964,59,67.7,8.700000000000003,1968,70,2.299999999999997,TRUE
Thuringia,2024,64.9,73.6,8.699999999999989,NA,NA,NA,NA
Rhineland-Palatinate,2016,61.8,70.4,8.600000000000009,2021,64.3,-6.1000000000000085,FALSE
Berlin,2021,66.9,75.4,8.5,2023,63,-12.400000000000006,FALSE
Schleswig-Holstein,1950,69.8,78.2,8.400000000000006,1954,78.6,0.3999999999999915,TRUE
Mecklenburg-Vorpommern,1994,64.7,72.9,8.200000000000003,1998,79.4,6.5,TRUE
Saarland,2017,61.6,69.7,8.100000000000001,2022,61.4,-8.300000000000004,FALSE
Saxony,2024,66.5,74.4,7.900000000000006,NA,NA,NA,NA
Lower Saxony,1974,76.7,84.4,7.700000000000003,1978,78.5,-5.900000000000006,FALSE
Mecklenburg-Vorpommern,2026,70.8,78,7.200000000000003,NA,NA,NA,NA
Schleswig-Holstein,2009,66.5,73.6,7.099999999999994,2012,60.2,-13.399999999999991,FALSE
Hamburg,1974,73.4,80.4,7,1978,76.7,-3.700000000000003,FALSE
