land,name_en,elec_no,year,date,region,turnout
bb,Brandenburg,1,1990,1990-10-14,East (incl. Berlin from 1990),67.1
bb,Brandenburg,2,1994,1994-09-11,East (incl. Berlin from 1990),56.3
bb,Brandenburg,3,1999,1999-09-05,East (incl. Berlin from 1990),54.3
bb,Brandenburg,4,2004,2004-09-19,East (incl. Berlin from 1990),56.4
bb,Brandenburg,5,2009,2009-09-27,East (incl. Berlin from 1990),67
bb,Brandenburg,6,2014,2014-09-14,East (incl. Berlin from 1990),47.9
bb,Brandenburg,7,2019,2019-09-01,East (incl. Berlin from 1990),61.3
bb,Brandenburg,8,2024,2024-09-22,East (incl. Berlin from 1990),72.9
be,Berlin,1,1950,1950-12-03,West,90.4
be,Berlin,2,1954,1954-12-05,West,91.8
be,Berlin,3,1958,1958-12-07,West,92.9
be,Berlin,4,1963,1963-02-17,West,89.9
be,Berlin,5,1967,1967-03-12,West,86.2
be,Berlin,6,1971,1971-03-14,West,88.9
be,Berlin,7,1975,1975-03-02,West,87.8
be,Berlin,8,1979,1979-03-18,West,85.4
be,Berlin,9,1981,1981-05-10,West,85.3
be,Berlin,10,1985,1985-03-10,West,83.6
be,Berlin,11,1989,1989-01-29,West,79.6
be,Berlin,12,1990,1990-12-02,East (incl. Berlin from 1990),80.8
be,Berlin,13,1995,1995-10-22,East (incl. Berlin from 1990),68.6
be,Berlin,14,1999,1999-10-10,East (incl. Berlin from 1990),65.5
be,Berlin,15,2001,2001-10-21,East (incl. Berlin from 1990),68.1
be,Berlin,16,2006,2006-09-17,East (incl. Berlin from 1990),58
be,Berlin,17,2011,2011-09-18,East (incl. Berlin from 1990),60.2
be,Berlin,18,2016,2016-09-18,East (incl. Berlin from 1990),66.9
be,Berlin,19,2021,2021-09-26,East (incl. Berlin from 1990),75.4
be,Berlin,20,2023,2023-02-12,East (incl. Berlin from 1990),63
be,Berlin,21,2026,2026-09-20,East (incl. Berlin from 1990),74.2
bw,Baden-Württemberg,1,1952,1952-03-09,West,63.7
bw,Baden-Württemberg,2,1956,1956-03-04,West,70.3
bw,Baden-Württemberg,3,1960,1960-05-15,West,59
bw,Baden-Württemberg,4,1964,1964-04-26,West,67.7
bw,Baden-Württemberg,5,1968,1968-04-28,West,70
bw,Baden-Württemberg,6,1972,1972-04-23,West,80
bw,Baden-Württemberg,7,1976,1976-04-04,West,75.5
bw,Baden-Württemberg,8,1980,1980-03-16,West,72.1
bw,Baden-Württemberg,9,1984,1984-03-25,West,71.2
bw,Baden-Württemberg,10,1988,1988-03-20,West,71.8
bw,Baden-Württemberg,11,1992,1992-04-05,West,70.1
bw,Baden-Württemberg,12,1996,1996-03-24,West,67.5
bw,Baden-Württemberg,13,2001,2001-03-25,West,62.6
bw,Baden-Württemberg,14,2006,2006-03-26,West,53.4
bw,Baden-Württemberg,15,2011,2011-03-27,West,66.2
bw,Baden-Württemberg,16,2016,2016-03-13,West,70.4
bw,Baden-Württemberg,17,2021,2021-03-14,West,63.8
bw,Baden-Württemberg,18,2026,2026-03-08,West,69.6
by,Bavaria,1,1946,1946-12-01,West,75.7
by,Bavaria,2,1950,1950-11-26,West,79.9
by,Bavaria,3,1954,1954-11-28,West,82.4
by,Bavaria,4,1958,1958-11-23,West,76.6
by,Bavaria,5,1962,1962-11-25,West,76.5
by,Bavaria,6,1966,1966-11-20,West,80.6
by,Bavaria,7,1970,1970-11-20,West,79.5
by,Bavaria,8,1974,1974-10-27,West,77.7
by,Bavaria,9,1978,1978-10-15,West,76.7
by,Bavaria,10,1982,1982-10-10,West,78
by,Bavaria,11,1986,1986-10-12,West,70.3
by,Bavaria,12,1990,1990-10-14,West,65.9
by,Bavaria,13,1994,1994-09-25,West,67.9
by,Bavaria,14,1998,1998-09-13,West,70
by,Bavaria,15,2003,2003-09-21,West,57.1
by,Bavaria,16,2008,2008-09-28,West,57.9
by,Bavaria,17,2013,2013-09-15,West,63.6
by,Bavaria,18,2018,2018-10-14,West,72.4
by,Bavaria,19,2023,2023-10-08,West,73.3
hb,Bremen,1,1946,1946-10-13,West,85.2
hb,Bremen,2,1947,1947-10-12,West,67.8
hb,Bremen,3,1951,1951-10-07,West,83.3
hb,Bremen,4,1955,1955-10-09,West,84
hb,Bremen,5,1959,1959-10-11,West,79.2
hb,Bremen,6,1963,1963-09-29,West,76.1
hb,Bremen,7,1967,1967-10-01,West,77
hb,Bremen,8,1971,1971-10-10,West,80
hb,Bremen,9,1975,1975-09-28,West,82.2
hb,Bremen,10,1979,1979-10-07,West,78.5
hb,Bremen,11,1983,1983-09-25,West,79.7
hb,Bremen,12,1987,1987-09-13,West,75.5
hb,Bremen,13,1991,1991-09-29,West,72.2
hb,Bremen,14,1995,1995-05-14,West,68.6
hb,Bremen,15,1999,1999-06-06,West,60.1
hb,Bremen,16,2003,2003-05-25,West,61.3
hb,Bremen,17,2007,2007-05-13,West,57.6
hb,Bremen,18,2011,2011-05-22,West,55.5
hb,Bremen,19,2015,2015-05-10,West,50.2
hb,Bremen,20,2019,2019-05-26,West,64.1
hb,Bremen,21,2023,2023-05-14,West,56.9
he,Hesse,1,1946,1946-12-01,West,73.2
he,Hesse,2,1950,1950-11-19,West,64.9
he,Hesse,3,1954,1954-11-28,West,82.4
he,Hesse,4,1958,1958-11-23,West,82.3
he,Hesse,5,1962,1962-11-11,West,77.7
he,Hesse,6,1966,1966-11-06,West,81
he,Hesse,7,1970,1970-11-08,West,82.8
he,Hesse,8,1974,1974-10-27,West,84.8
he,Hesse,9,1978,1978-10-08,West,87.7
he,Hesse,10,1982,1982-09-26,West,86.4
he,Hesse,11,1983,1983-09-25,West,83.5
he,Hesse,12,1987,1987-04-05,West,80.3
he,Hesse,13,1991,1991-01-20,West,70.8
he,Hesse,14,1995,1995-02-19,West,66.3
he,Hesse,15,1999,1999-02-07,West,66.4
he,Hesse,16,2003,2003-02-02,West,64.6
he,Hesse,17,2008,2008-01-27,West,64.3
he,Hesse,18,2009,2009-01-18,West,61
he,Hesse,19,2013,2013-09-22,West,73.2
he,Hesse,20,2018,2018-10-28,West,67.3
he,Hesse,21,2023,2023-10-08,West,66
hh,Hamburg,1,1946,1946-10-13,West,79
hh,Hamburg,2,1949,1949-10-16,West,70.5
hh,Hamburg,3,1953,1953-11-01,West,80.9
hh,Hamburg,4,1957,1957-11-10,West,77.3
hh,Hamburg,5,1961,1961-11-12,West,72.3
hh,Hamburg,6,1966,1966-03-27,West,69.8
hh,Hamburg,7,1970,1970-03-22,West,73.4
hh,Hamburg,8,1974,1974-03-03,West,80.4
hh,Hamburg,9,1978,1978-06-04,West,76.7
hh,Hamburg,11,1982,1982-12-19,West,84
hh,Hamburg,10,1982,1982-06-06,West,77.9
hh,Hamburg,12,1986,1986-11-09,West,78.1
hh,Hamburg,13,1987,1987-05-17,West,79.6
hh,Hamburg,14,1991,1991-06-02,West,66.1
hh,Hamburg,15,1993,1993-09-19,West,69.6
hh,Hamburg,16,1997,1997-09-21,West,69.5
hh,Hamburg,17,2001,2001-09-23,West,71
hh,Hamburg,18,2004,2004-02-29,West,68.7
hh,Hamburg,19,2008,2008-02-24,West,63.5
hh,Hamburg,20,2011,2011-02-20,West,57.3
hh,Hamburg,21,2015,2015-02-15,West,56.5
hh,Hamburg,22,2020,2020-02-23,West,63.2
hh,Hamburg,23,2025,2025-03-02,West,67.7
mv,Mecklenburg-Vorpommern,1,1990,1990-10-14,East (incl. Berlin from 1990),64.7
mv,Mecklenburg-Vorpommern,2,1994,1994-10-16,East (incl. Berlin from 1990),72.9
mv,Mecklenburg-Vorpommern,3,1998,1998-09-27,East (incl. Berlin from 1990),79.4
mv,Mecklenburg-Vorpommern,4,2002,2002-09-22,East (incl. Berlin from 1990),70.6
mv,Mecklenburg-Vorpommern,5,2006,2006-09-17,East (incl. Berlin from 1990),59.1
mv,Mecklenburg-Vorpommern,6,2011,2011-09-04,East (incl. Berlin from 1990),51.5
mv,Mecklenburg-Vorpommern,7,2016,2016-09-04,East (incl. Berlin from 1990),61.9
mv,Mecklenburg-Vorpommern,8,2021,2021-09-26,East (incl. Berlin from 1990),70.8
mv,Mecklenburg-Vorpommern,9,2026,2026-09-20,East (incl. Berlin from 1990),78
ni,Lower Saxony,1,1947,1947-02-20,West,65.1
ni,Lower Saxony,2,1951,1951-05-06,West,75.8
ni,Lower Saxony,3,1955,1955-04-24,West,77.5
ni,Lower Saxony,4,1959,1959-04-19,West,78
ni,Lower Saxony,5,1963,1963-05-19,West,76.9
ni,Lower Saxony,6,1967,1967-06-04,West,75.8
ni,Lower Saxony,7,1970,1970-06-14,West,76.7
ni,Lower Saxony,8,1974,1974-06-09,West,84.4
ni,Lower Saxony,9,1978,1978-06-04,West,78.5
ni,Lower Saxony,10,1982,1982-03-21,West,77.7
ni,Lower Saxony,11,1986,1986-06-15,West,77.3
ni,Lower Saxony,12,1990,1990-05-13,West,74.6
ni,Lower Saxony,13,1994,1994-03-13,West,73.8
ni,Lower Saxony,14,1998,1998-03-01,West,73.8
ni,Lower Saxony,15,2003,2003-02-02,West,67
ni,Lower Saxony,16,2008,2008-01-27,West,57.1
ni,Lower Saxony,17,2013,2013-01-20,West,59.4
ni,Lower Saxony,18,2017,2017-10-15,West,63.1
ni,Lower Saxony,19,2022,2022-10-09,West,60.3
nw,North Rhine-Westphalia,1,1947,1947-04-20,West,67.3
nw,North Rhine-Westphalia,2,1950,1950-06-18,West,72.3
nw,North Rhine-Westphalia,3,1954,1954-06-27,West,72.6
nw,North Rhine-Westphalia,4,1958,1958-07-06,West,76.6
nw,North Rhine-Westphalia,5,1962,1962-07-08,West,73.4
nw,North Rhine-Westphalia,6,1966,1966-07-10,West,76.5
nw,North Rhine-Westphalia,7,1970,1970-06-14,West,73.5
nw,North Rhine-Westphalia,8,1975,1975-05-04,West,86.1
nw,North Rhine-Westphalia,9,1980,1980-05-11,West,80
nw,North Rhine-Westphalia,10,1985,1985-05-12,West,75.2
nw,North Rhine-Westphalia,11,1990,1990-05-13,West,71.8
nw,North Rhine-Westphalia,12,1995,1995-05-14,West,64
nw,North Rhine-Westphalia,13,2000,2000-05-14,West,56.7
nw,North Rhine-Westphalia,14,2005,2005-05-22,West,63
nw,North Rhine-Westphalia,15,2010,2010-05-09,West,59.3
nw,North Rhine-Westphalia,16,2012,2012-05-13,West,59.6
nw,North Rhine-Westphalia,17,2017,2017-05-14,West,65.2
nw,North Rhine-Westphalia,18,2022,2022-05-15,West,55.5
rp,Rhineland-Palatinate,1,1947,1947-05-18,West,77.9
rp,Rhineland-Palatinate,2,1951,1951-04-29,West,74.8
rp,Rhineland-Palatinate,3,1955,1955-05-15,West,76
rp,Rhineland-Palatinate,4,1959,1959-04-19,West,77.2
rp,Rhineland-Palatinate,5,1963,1963-03-31,West,75.5
rp,Rhineland-Palatinate,6,1967,1967-04-23,West,78.5
rp,Rhineland-Palatinate,7,1971,1971-03-21,West,79.4
rp,Rhineland-Palatinate,8,1975,1975-03-09,West,80.8
rp,Rhineland-Palatinate,9,1979,1979-03-18,West,81.4
rp,Rhineland-Palatinate,10,1983,1983-03-06,West,90.4
rp,Rhineland-Palatinate,11,1987,1987-05-17,West,77
rp,Rhineland-Palatinate,12,1991,1991-04-21,West,73.9
rp,Rhineland-Palatinate,13,1996,1996-03-24,West,70.8
rp,Rhineland-Palatinate,14,2001,2001-03-25,West,62.1
rp,Rhineland-Palatinate,15,2006,2006-03-26,West,58.2
rp,Rhineland-Palatinate,16,2011,2011-03-27,West,61.8
rp,Rhineland-Palatinate,17,2016,2016-03-13,West,70.4
rp,Rhineland-Palatinate,18,2021,2021-03-14,West,64.3
rp,Rhineland-Palatinate,19,2026,2026-03-22,West,68.4
sh,Schleswig-Holstein,1,1947,1947-02-20,West,69.8
sh,Schleswig-Holstein,2,1950,1950-07-09,West,78.2
sh,Schleswig-Holstein,3,1954,1954-09-12,West,78.6
sh,Schleswig-Holstein,4,1958,1958-11-28,West,78.7
sh,Schleswig-Holstein,5,1962,1962-11-23,West,70.1
sh,Schleswig-Holstein,6,1967,1967-04-23,West,74.1
sh,Schleswig-Holstein,7,1971,1971-04-25,West,79.2
sh,Schleswig-Holstein,8,1975,1975-04-13,West,82.3
sh,Schleswig-Holstein,9,1979,1979-04-29,West,83.3
sh,Schleswig-Holstein,10,1983,1983-03-13,West,84.8
sh,Schleswig-Holstein,11,1987,1987-09-13,West,76.6
sh,Schleswig-Holstein,12,1988,1988-05-08,West,77.4
sh,Schleswig-Holstein,13,1992,1992-04-05,West,71.7
sh,Schleswig-Holstein,14,1996,1996-03-24,West,71.8
sh,Schleswig-Holstein,15,2000,2000-02-27,West,69.5
sh,Schleswig-Holstein,16,2005,2005-02-20,West,66.5
sh,Schleswig-Holstein,17,2009,2009-09-27,West,73.6
sh,Schleswig-Holstein,18,2012,2012-05-06,West,60.2
sh,Schleswig-Holstein,19,2017,2017-05-07,West,64.2
sh,Schleswig-Holstein,20,2022,2022-05-08,West,60.4
sl,Saarland,1,1947,1947-10-05,West,95.7
sl,Saarland,2,1952,1952-11-30,West,93.1
sl,Saarland,3,1955,1955-12-18,West,90.3
sl,Saarland,4,1960,1960-12-04,West,79.1
sl,Saarland,5,1965,1965-06-27,West,81.8
sl,Saarland,6,1970,1970-06-14,West,83.1
sl,Saarland,7,1975,1975-05-04,West,88.8
sl,Saarland,8,1980,1980-04-27,West,85
sl,Saarland,9,1985,1985-03-10,West,85
sl,Saarland,10,1990,1990-01-28,West,83.2
sl,Saarland,11,1994,1994-10-16,West,83.5
sl,Saarland,12,1999,1999-09-05,West,68.7
sl,Saarland,13,2004,2004-09-05,West,55.5
sl,Saarland,14,2009,2009-08-30,West,67.7
sl,Saarland,15,2012,2012-03-25,West,61.6
sl,Saarland,16,2017,2017-03-26,West,69.7
sl,Saarland,17,2022,2022-03-27,West,61.4
sn,Saxony,1,1990,1990-10-14,East (incl. Berlin from 1990),72.8
sn,Saxony,2,1994,1994-09-11,East (incl. Berlin from 1990),58.4
sn,Saxony,3,1999,1999-09-19,East (incl. Berlin from 1990),61.1
sn,Saxony,4,2004,2004-09-19,East (incl. Berlin from 1990),59.6
sn,Saxony,5,2009,2009-08-30,East (incl. Berlin from 1990),52.2
sn,Saxony,6,2014,2014-08-31,East (incl. Berlin from 1990),49.2
sn,Saxony,7,2019,2019-09-01,East (incl. Berlin from 1990),66.5
sn,Saxony,8,2024,2024-09-01,East (incl. Berlin from 1990),74.4
st,Saxony-Anhalt,1,1990,1990-10-14,East (incl. Berlin from 1990),65.1
st,Saxony-Anhalt,2,1994,1994-06-26,East (incl. Berlin from 1990),54.8
st,Saxony-Anhalt,3,1998,1998-04-26,East (incl. Berlin from 1990),71.7
st,Saxony-Anhalt,4,2002,2002-04-21,East (incl. Berlin from 1990),56.5
st,Saxony-Anhalt,5,2006,2006-03-26,East (incl. Berlin from 1990),44.4
st,Saxony-Anhalt,6,2011,2011-03-20,East (incl. Berlin from 1990),51.2
st,Saxony-Anhalt,7,2016,2016-03-13,East (incl. Berlin from 1990),61.1
st,Saxony-Anhalt,8,2021,2021-06-06,East (incl. Berlin from 1990),60.3
st,Saxony-Anhalt,9,2026,2026-09-06,East (incl. Berlin from 1990),77.8
th,Thuringia,1,1990,1990-10-14,East (incl. Berlin from 1990),71.7
th,Thuringia,2,1994,1994-10-16,East (incl. Berlin from 1990),74.8
th,Thuringia,3,1999,1999-09-12,East (incl. Berlin from 1990),59.9
th,Thuringia,4,2004,2004-06-13,East (incl. Berlin from 1990),53.8
th,Thuringia,5,2009,2009-08-30,East (incl. Berlin from 1990),56.2
th,Thuringia,6,2014,2014-09-14,East (incl. Berlin from 1990),52.7
th,Thuringia,7,2019,2019-10-27,East (incl. Berlin from 1990),64.9
th,Thuringia,8,2024,2024-09-01,East (incl. Berlin from 1990),73.6
