label,state,east,election_year,size,n,voters,afd,cdu,spd,gruene,linke_pds,bsw
Baden-Württemberg 2026,Baden-Württemberg,FALSE,2026,< 2k,175,154856,22.371960592509787,37.56550447177194,4.314561207378424,22.03832448295137,2.5284726103968698,1.2672931805477923
Baden-Württemberg 2026,Baden-Württemberg,FALSE,2026,2-5k,395,999365,21.593006737504535,34.67074570623826,4.9720111355599,24.424885413343585,2.8326966650579544,1.2901053297450873
Baden-Württemberg 2026,Baden-Württemberg,FALSE,2026,5-10k,271,1372321,20.773795723460765,32.751990010290704,5.293407035911703,26.491643380393974,3.0271137631023417,1.3549763476548995
Baden-Württemberg 2026,Baden-Württemberg,FALSE,2026,10-20k,157,1518550,19.96207065430016,30.534923132448636,5.801465830907491,28.48887933182209,3.5260840034594896,1.3801962208958107
Baden-Württemberg 2026,Baden-Württemberg,FALSE,2026,20-50k,78,1654073,19.597650699993665,29.755115338322724,5.667279029149057,29.776472611107593,3.7967077221020626,1.4729278468068163
Baden-Württemberg 2026,Baden-Württemberg,FALSE,2026,50-100k,16,725242,16.40869257509211,26.567098936325223,5.535271955204929,35.39747299181948,5.711787847879932,1.5145396640369688
Baden-Württemberg 2026,Baden-Württemberg,FALSE,2026,> 100k,9,1340451,12.857474386207263,21.864468697707835,6.025279011846691,39.75642607227051,8.534858853483664,1.5598680419147917
Brandenburg 2024,Brandenburg,TRUE,2024,< 2k,218,166027,36.43651870517542,11.452607094398141,26.799767396782322,2.3461911223105254,2.2229114169412676,14.283388253537508
Brandenburg 2024,Brandenburg,TRUE,2024,2-5k,71,190284,35.43494059997265,11.432436516445643,27.749275039036363,2.201146985385651,2.230649118893599,14.455325854662416
Brandenburg 2024,Brandenburg,TRUE,2024,5-10k,52,329971,31.717668450523792,11.969336942372463,30.08781536045623,2.831993718618923,2.507180197119656,13.68307952972292
Brandenburg 2024,Brandenburg,TRUE,2024,10-20k,44,502432,28.998708279511646,13.11860216397905,31.139908607303088,3.64792977485173,2.707890606553051,13.37083489589844
Brandenburg 2024,Brandenburg,TRUE,2024,20-50k,24,572133,27.13959458351248,12.520843636074478,31.771044306549943,4.508935116960445,3.1200220675395935,13.003943827177368
Brandenburg 2024,Brandenburg,TRUE,2024,50-100k,3,177950,29.29584909400241,10.39626038552385,32.31281280454568,3.445598850365869,3.1813151418047267,14.678482350803595
Brandenburg 2024,Brandenburg,TRUE,2024,> 100k,1,138123,15.563749272268604,10.982968774546501,35.8459704471736,12.6315692199643,6.017761267130569,11.6113590788537
Mecklenburg-Vorpommern 2026,Mecklenburg-Vorpommern,TRUE,2026,< 2k,593,331408,49.70474190742974,3.992350677243745,30.129298539805788,3.3859784838773224,3.925563248655843,5.048456922108561
Mecklenburg-Vorpommern 2026,Mecklenburg-Vorpommern,TRUE,2026,2-5k,79,212314,44.83858570330515,4.4919292851652575,33.55956956187548,3.9385088393543426,4.498078401229823,4.74173712528824
Mecklenburg-Vorpommern 2026,Mecklenburg-Vorpommern,TRUE,2026,5-10k,32,177468,43.462522674267944,4.588300077740347,34.887600414615186,3.2416105208603265,4.817472143042239,4.837717025136046
Mecklenburg-Vorpommern 2026,Mecklenburg-Vorpommern,TRUE,2026,10-20k,11,112768,41.195390308720164,4.71897275414152,36.034324317611706,3.428706256364404,5.459106375580558,4.697861560241413
Mecklenburg-Vorpommern 2026,Mecklenburg-Vorpommern,TRUE,2026,20-50k,4,91964,35.80458412098299,4.418714555765596,39.50998345935728,5.49976370510397,6.422790642722117,4.4526819470699435
Mecklenburg-Vorpommern 2026,Mecklenburg-Vorpommern,TRUE,2026,50-100k,4,219292,32.126430861152684,5.1901856104906585,36.43795107348673,8.357622876811112,8.573956357598638,4.778727813698697
Mecklenburg-Vorpommern 2026,Mecklenburg-Vorpommern,TRUE,2026,> 100k,1,167351,25.485277659861843,4.413228881256512,36.770732836800065,11.30166325782426,12.605256049087329,4.698799830201057
Rhineland-Palatinate 2026,Rhineland-Palatinate,FALSE,2026,< 2k,1905,890454,20.50229424299186,32.930632707881735,24.777824312072273,5.944781690238076,3.318406563483261,1.8102351925062399
Rhineland-Palatinate 2026,Rhineland-Palatinate,FALSE,2026,2-5k,212,479950,19.392926877036388,32.72995958385016,26.137260604046364,6.887659720944587,3.3881908876715907,1.7151640682029947
Rhineland-Palatinate 2026,Rhineland-Palatinate,FALSE,2026,5-10k,79,405589,20.67550280052672,31.87798482125774,25.7389601473606,7.347396616858685,3.6416226173013655,1.9275427019361715
Rhineland-Palatinate 2026,Rhineland-Palatinate,FALSE,2026,10-20k,25,263029,18.233547462796924,32.89640909511046,25.54995840650707,7.925293465200106,3.8878362140678435,1.8249145022645352
Rhineland-Palatinate 2026,Rhineland-Palatinate,FALSE,2026,20-50k,12,272395,21.503344913721325,28.301128370036448,26.556605127910654,8.270693961928284,4.667374888742141,1.9891469752217958
Rhineland-Palatinate 2026,Rhineland-Palatinate,FALSE,2026,50-100k,6,277925,22.223449590995507,26.277448649151474,26.922786230472713,8.670197612832348,5.117933989523442,2.219728725661763
Rhineland-Palatinate 2026,Rhineland-Palatinate,FALSE,2026,> 100k,4,400722,13.176221911995517,26.2629250171545,27.92829030909621,13.996087988705638,8.899036982703558,1.831783514342725
Saxony 2024,Saxony,TRUE,2024,< 2k,90,99425,39.70689435453039,33.33120937938065,4.128966484006627,1.712756467439786,1.7904931821078123,11.237415572830383
Saxony 2024,Saxony,TRUE,2024,2-5k,171,458760,37.958404614797324,33.43324520352331,4.507627705750116,1.701706513594141,1.828669993920457,11.68601280945581
Saxony 2024,Saxony,TRUE,2024,5-10k,90,509287,35.0360527699466,33.47292937673229,5.540685861342817,2.052193947784915,2.1932872358133872,12.170220861197503
Saxony 2024,Saxony,TRUE,2024,10-20k,44,514211,34.92812219227313,33.381270133456056,5.677908531106874,2.1171630179913663,2.4499813731290954,12.44165406613635
Saxony 2024,Saxony,TRUE,2024,20-50k,17,390248,32.645782992226856,32.91362193950334,6.8095141052141255,3.3152347957728026,2.637267460479199,12.102608518443036
Saxony 2024,Saxony,TRUE,2024,50-100k,3,157112,33.23684038510025,33.58795020963871,6.097731793181374,3.0059109712482113,2.917199712388764,13.943542287256404
Saxony 2024,Saxony,TRUE,2024,> 100k,3,1053640,21.313545223489157,29.06769765232317,10.867477775064813,10.727555883361305,8.780035448566055,11.101524338944964
Saxony-Anhalt 2026,Saxony-Anhalt,TRUE,2026,< 2k,82,82161,50.81255295969011,17.434329984263407,7.654944921922285,5.072025178549813,7.197978452971795,5.3443892991163295
Saxony-Anhalt 2026,Saxony-Anhalt,TRUE,2026,2-5k,32,75638,50.13910461008039,17.740531499086874,7.789858164501868,4.905357660994386,7.615764051272424,5.323524893751387
Saxony-Anhalt 2026,Saxony-Anhalt,TRUE,2026,5-10k,51,336164,48.414506841473134,18.006338231057335,8.146535112827248,5.83947887318674,7.320769118521929,5.265146838180547
Saxony-Anhalt 2026,Saxony-Anhalt,TRUE,2026,10-20k,29,313528,47.82473471625996,18.03029124942196,8.326205900286872,6.269822107455773,7.431627796579651,5.225874832726991
Saxony-Anhalt 2026,Saxony-Anhalt,TRUE,2026,20-50k,21,487126,45.398247030522974,17.79133614674113,8.954905012804609,7.069033924592905,8.624731907762397,5.330769636282417
Saxony-Anhalt 2026,Saxony-Anhalt,TRUE,2026,50-100k,1,61152,38.9030694322301,18.350099740460298,10.1005984427618,10.5896484416894,8.47686664807705,6.35764998605779
Saxony-Anhalt 2026,Saxony-Anhalt,TRUE,2026,> 100k,2,351083,31.254435737426448,14.64556389484408,12.344680240789327,18.35889666432544,11.243698035221131,5.032378584903231
Thuringia 2024,Thuringia,TRUE,2024,< 2k,418,191476,36.48106396113482,26.206484687441286,4.634028504710524,1.8177792092761091,10.062538583353463,15.092465845344499
Thuringia 2024,Thuringia,TRUE,2024,2-5k,76,208505,36.94699031522607,25.094671750469292,4.553337706962515,1.423161614258897,10.776016056848523,15.845095581118914
Thuringia 2024,Thuringia,TRUE,2024,5-10k,63,361705,36.54833542901623,23.87880965211664,4.798365367343273,1.5837375007484586,11.416606790012576,16.065280522124425
Thuringia 2024,Thuringia,TRUE,2024,10-20k,14,160067,33.8240090260822,25.14081217110773,4.915865278671474,1.7003234933758788,12.723778966760397,16.23901488774691
Thuringia 2024,Thuringia,TRUE,2024,20-50k,16,375231,33.84136183665088,22.634258218981724,6.523659354878698,2.2667575797491115,13.116278348997776,16.307405025530556
Thuringia 2024,Thuringia,TRUE,2024,50-100k,2,120440,28.870234184097004,20.914054553319858,7.0430604108451895,5.608492827162082,16.105271772807495,16.093580105458823
Thuringia 2024,Thuringia,TRUE,2024,> 100k,2,238246,20.699718141394456,21.46167775089012,9.930393660673246,9.166772802028923,18.565012985430833,14.71368370923711
